symbol,entry_time,exit_time,entry_price,exit_price,pnl,trade_type,exit_reason,,total amnt,tradable ammount,quantity bought,trade amount,absolute profit,exit amnt,charges
JSWSTEEL,02-07-2024 09:20,02-07-2024 10:00,940.45,944.25,3.7999999999999545,long,take_profit,,10000,5000,26,4890.34,98.8,4989.14,26.962078
TATASTEEL,02-07-2024 10:20,02-07-2024 12:35,174.8,174.1,-0.7,long,stop_loss,,10071.83792,5000,143,4999.28,-100.1,4899.18,27.429974
HDFCBANK,02-07-2024 13:25,02-07-2024 13:35,1734.2,1729.55,-4.65,long,stop_loss,,9944.307948,5000,14,4855.76,-65.1,4790.66,26.663714
SUNPHARMA,02-07-2024 13:40,02-07-2024 15:00,1529.5,1524.85,-4.65,long,stop_loss,,9852.544234,5000,16,4894.4,-74.4,4820,26.870096
TCS,02-07-2024 15:05,03-07-2024 09:20,4015.7,4000.05,-15.65,long,stop_loss,,9751.274138,5000,6,4818.84,-93.9,4724.94,26.441646
RELIANCE,03-07-2024 09:25,03-07-2024 09:40,3145,3132,-13,long,stop_loss,,9630.932492,5000,7,4403,-91,4312,24.15644
UPL,03-07-2024 09:45,03-07-2024 12:25,570.75,575,4.25,long,take_profit,,9515.776052,5000,43,4908.45,182.75,5091.2,27.11709
COALINDIA,03-07-2024 12:30,03-07-2024 15:25,483.2,485.5,2.3000000000000114,long,take_profit,,9671.408962,5000,51,4928.64,117.3,5045.94,27.184938
JSWSTEEL,04-07-2024 09:15,04-07-2024 09:20,950.95,955.5,4.5499999999999545,long,take_profit,,9761.524024,5000,26,4944.94,118.3,5063.24,27.275248
TCS,04-07-2024 09:25,04-07-2024 09:45,4004.6,4023,18.40000000000009,long,take_profit,,9852.548776,5000,6,4805.52,110.4,4915.92,26.503224
KOTAKBANK,04-07-2024 09:50,04-07-2024 11:20,1828,1819.85,-8.15,long,stop_loss,,9936.445552,5000,13,4752.8,-105.95,4646.85,26.070473
APOLLOHOSP,04-07-2024 11:25,04-07-2024 11:40,6233.45,6218.25,-15.2,long,stop_loss,,9804.425079,5000,4,4986.76,-60.8,4925.96,27.387052
HCLTECH,04-07-2024 11:45,04-07-2024 14:20,1520.6,1533.4,12.800000000000182,long,take_profit,,9716.238027,5000,16,4865.92,204.8,5070.72,26.897728
ICICIBANK,04-07-2024 14:35,05-07-2024 10:10,1232.45,1223.85,-8.6,long,stop_loss,,9894.140299,5000,20,4929.8,-172,4757.8,27.00038
GRASIM,05-07-2024 10:15,05-07-2024 12:15,2729.95,2747,17.050000000000182,long,take_profit,,9695.139919,5000,9,4913.91,153.45,5067.36,27.127782
INFY,05-07-2024 12:20,05-07-2024 12:35,1664.4,1660.75,-3.65,long,stop_loss,,9821.462137,5000,15,4993.2,-54.75,4938.45,27.426465
INFY,05-07-2024 12:40,05-07-2024 14:05,1660.4,1652.1,-8.3,long,stop_loss,,9739.285672,5000,15,4981.2,-124.5,4856.7,27.31443
SBIN,05-07-2024 15:05,05-07-2024 15:25,859.9,860.5,0.6000000000000227,long,market_close,,9587.471242,5000,29,4987.42,17.4,5004.82,27.442294
TATACONSUM,08-07-2024 10:05,08-07-2024 11:55,1141.02,1136.23,-4.79,long,stop_loss,,9577.428948,5000,21,4792.284,-100.59,4691.694,26.2911726
ONGC,08-07-2024 12:00,08-07-2024 14:15,294.6,298,3.3999999999999773,long,take_profit,,9450.547775,5000,84,4949.28,285.6,5234.88,27.409536
HDFCLIFE,08-07-2024 14:20,08-07-2024 15:25,620,621.35,1.3500000000000227,long,market_close,,9708.738239,5000,40,4960,54,5014,27.31564
GRASIM,09-07-2024 09:15,09-07-2024 09:20,2738.3,2732,-6.3,long,stop_loss,,9735.422599,5000,9,4928.94,-56.7,4872.24,27.071748
KOTAKBANK,09-07-2024 09:25,09-07-2024 09:30,1861.5,1854,-7.5,long,stop_loss,,9651.650851,5000,13,4839.9,-97.5,4742.4,26.5551
ADANIENT,09-07-2024 09:35,09-07-2024 10:00,3152.75,3139.25,-13.5,long,stop_loss,,9527.595751,5000,7,4413.85,-94.5,4319.35,24.213805
CIPLA,09-07-2024 10:05,09-07-2024 15:25,1505.95,1514.35,8.399999999999864,long,market_close,,9408.881946,5000,16,4819.04,134.4,4953.44,26.593424
DIVISLAB,10-07-2024 11:25,10-07-2024 12:10,4588.2,4618.8,30.600000000000364,long,take_profit,,9516.688522,5000,5,4588.2,153,4741.2,25.33608
POWERGRID,10-07-2024 12:15,10-07-2024 13:10,346.35,345,-1.35,long,stop_loss,,9644.352442,5000,72,4987.44,-97.2,4890.24,27.366768
SBILIFE,10-07-2024 13:15,10-07-2024 15:25,1554.45,1558.85,4.399999999999864,long,market_close,,9519.785674,5000,16,4974.24,70.4,5044.64,27.404784
UPL,11-07-2024 09:15,11-07-2024 09:20,559.4,564.3,4.899999999999977,long,take_profit,,9562.78089,5000,44,4922.72,215.6,5138.32,27.217256
ASIANPAINT,11-07-2024 09:25,11-07-2024 09:30,3000.1,2982.65,-17.45,long,stop_loss,,9751.163634,5000,8,4800.16,-139.6,4660.56,26.308744
BPCL,11-07-2024 09:45,11-07-2024 13:15,304.6,307.7,3.099999999999966,long,take_profit,,9585.25489,5000,82,4995.44,254.2,5249.64,27.642692
KOTAKBANK,11-07-2024 13:20,11-07-2024 13:55,1833.6,1849.2,15.600000000000136,long,take_profit,,9811.812198,5000,13,4767.36,202.8,4970.16,26.354328
KOTAKBANK,11-07-2024 14:00,11-07-2024 14:05,1845.95,1850.95,5,long,take_profit,,9988.25787,5000,13,4799.47,65,4864.47,26.439985
KOTAKBANK,11-07-2024 14:10,11-07-2024 14:20,1850,1846,-4,long,stop_loss,,10026.81789,5000,13,4810,-52,4758,26.42068
HINDALCO,11-07-2024 14:25,11-07-2024 15:25,697.3,694.25,-3.05,long,stop_loss,,9948.397205,5000,35,4881.1,-106.75,4774.35,26.775595
CIPLA,12-07-2024 09:15,12-07-2024 09:25,1505.3,1512.5,7.2000000000000455,long,take_profit,,9814.87161,5000,16,4816.96,115.2,4932.16,26.569312
ONGC,12-07-2024 09:30,12-07-2024 09:35,308.65,306.75,-1.9,long,stop_loss,,9903.502298,5000,80,4938.4,-152,4786.4,27.06088
ONGC,12-07-2024 09:40,12-07-2024 10:45,306.1,310.85,4.75,long,take_profit,,9724.441418,5000,81,4958.82,384.75,5343.57,27.527445
TECHM,12-07-2024 10:50,12-07-2024 12:30,1498,1508.75,10.75,long,take_profit,,10081.66397,5000,16,4793.6,172,4965.6,26.47832
KOTAKBANK,12-07-2024 13:10,12-07-2024 13:35,1842.35,1849.95,7.600000000000136,long,take_profit,,10227.18565,5000,13,4790.11,98.8,4888.91,26.410813
JSWSTEEL,12-07-2024 13:40,12-07-2024 13:55,936.05,934,-2.05,long,stop_loss,,10299.57484,5000,26,4867.46,-53.3,4814.16,26.735852
INFY,12-07-2024 14:00,12-07-2024 14:30,1714.3,1709.8,-4.5,long,stop_loss,,10219.53899,5000,14,4800.04,-63,4737.04,26.35864
CIPLA,12-07-2024 14:35,15-07-2024 10:10,1512.7,1524.75,12.049999999999955,long,take_profit,,10130.18035,5000,16,4840.64,192.8,5033.44,26.750768
ITC,15-07-2024 10:20,16-07-2024 10:35,463.05,466,2.9499999999999886,long,take_profit,,10296.22958,5000,53,4908.33,156.35,5064.68,27.099006
M&M,16-07-2024 10:40,16-07-2024 11:40,2752.45,2745.5,-6.95,long,stop_loss,,10425.48057,5000,9,4954.41,-62.55,4891.86,27.207972
HDFCLIFE,16-07-2024 12:40,16-07-2024 14:55,646.15,652.5,6.350000000000023,long,take_profit,,10335.7226,5000,38,4910.74,241.3,5152.04,27.168328
INDUSINDBK,16-07-2024 15:05,16-07-2024 15:25,1447.4,1446.5,-0.9,long,market_close,,10549.85427,5000,17,4921.16,-15.3,4905.86,27.056282
TCS,18-07-2024 10:05,18-07-2024 10:45,4207.6,4234,26.399999999999636,long,take_profit,,10507.49799,5000,5,4207.6,132,4339.6,23.22892
TATACONSUM,18-07-2024 12:00,18-07-2024 13:00,1169.46,1165.81,-3.65,long,stop_loss,,10616.26907,5000,21,4911.732,-76.65,4835.082,26.963937
INFY,18-07-2024 13:05,18-07-2024 13:20,1747,1754.1,7.099999999999909,long,take_profit,,10512.65514,5000,14,4891.6,99.4,4991,26.969404
WIPRO,18-07-2024 13:25,18-07-2024 15:25,570.85,573.9,3.0499999999999545,long,market_close,,10585.08573,5000,43,4909.31,131.15,5040.46,27.087764
SBIN,19-07-2024 12:15,19-07-2024 13:50,893.45,897.7,4.25,long,take_profit,,10689.14797,5000,27,4824.63,114.75,4939.38,26.6112
BHARTIARTL,19-07-2024 13:55,22-07-2024 10:05,1465.7,1462.45,-3.25,long,stop_loss,,10777.28677,5000,17,4983.38,-55.25,4928.13,27.372125
NTPC,22-07-2024 10:10,22-07-2024 14:55,375,372.5,-2.5,long,stop_loss,,10694.66464,5000,66,4950,-165,4785,27.1161
LT,22-07-2024 15:00,22-07-2024 15:10,3657.7,3650.15,-7.55,long,stop_loss,,10502.54854,5000,6,4389.24,-45.3,4343.94,24.110922
INDUSINDBK,22-07-2024 15:15,22-07-2024 15:20,1425.25,1418.6,-6.65,long,stop_loss,,10433.13762,5000,17,4845.85,-113.05,4732.8,26.577562
BAJAJ-AUTO,23-07-2024 09:20,23-07-2024 11:05,9389.8,9439.9,50.100000000000364,long,take_profit,,10293.51006,5000,2,3755.92,100.2,3856.12,20.723692
ADANIPORTS,23-07-2024 11:10,23-07-2024 11:20,1498.4,1487.8,-10.6,long,stop_loss,,10372.98637,5000,16,4794.88,-169.6,4625.28,26.259904
TATACONSUM,23-07-2024 11:25,23-07-2024 11:45,1210.5,1219.84,9.339999999999918,long,take_profit,,10177.12646,5000,20,4842,186.8,5028.8,26.754288
TATACONSUM,23-07-2024 13:05,24-07-2024 10:25,1229.22,1209.86,-19.36,long,stop_loss,,10337.17217,5000,20,4916.88,-387.2,4529.68,26.787288
NTPC,24-07-2024 10:35,24-07-2024 11:15,392.25,390.25,-2,long,stop_loss,,9923.184886,5000,63,4942.35,-126,4816.35,27.099765
SBILIFE,24-07-2024 11:20,24-07-2024 13:05,1644,1610,-34,long,stop_loss,,9770.085121,5000,15,4932,-510,4422,26.7894
SUNPHARMA,24-07-2024 13:15,24-07-2024 15:10,1620.25,1617.95,-2.3,long,stop_loss,,9233.295721,5000,15,4860.75,-34.5,4826.25,26.711355
ICICIBANK,24-07-2024 15:15,24-07-2024 15:25,1224.1,1226.95,2.8500000000001364,long,market_close,,9172.084366,5000,20,4896.4,57,4953.4,26.96782
ICICIBANK,25-07-2024 09:15,25-07-2024 10:05,1226.6,1198.15,-28.45,long,stop_loss,,9202.116546,5000,20,4906.4,-569,4337.4,26.60966
HCLTECH,25-07-2024 10:10,25-07-2024 10:45,1591.85,1583.9,-7.95,long,stop_loss,,8606.506886,5000,15,4775.55,-119.25,4656.3,26.18682
ONGC,25-07-2024 10:50,25-07-2024 11:35,329.9,333,3.1000000000000227,long,take_profit,,8461.070066,5000,75,4948.5,232.5,5181,27.3702
COALINDIA,25-07-2024 11:40,25-07-2024 11:50,499.25,503.1,3.8500000000000227,long,take_profit,,8666.199866,5000,50,4992.5,192.5,5185,27.5858
COALINDIA,25-07-2024 11:55,25-07-2024 12:05,502.5,499.95,-2.55,long,stop_loss,,8831.114066,5000,49,4924.5,-124.95,4799.55,27.002283
SUNPHARMA,25-07-2024 12:10,25-07-2024 12:30,1630.15,1626.35,-3.8,long,stop_loss,,8679.161783,5000,15,4890.45,-57,4833.45,26.859855
SBILIFE,25-07-2024 12:35,25-07-2024 12:40,1677.2,1672.1,-5.1,long,stop_loss,,8595.301928,5000,14,4696.16,-71.4,4624.76,25.781756
TECHM,25-07-2024 12:45,25-07-2024 14:00,1540.95,1530.45,-10.5,long,stop_loss,,8498.120172,5000,16,4931.04,-168,4763.04,27.00984
AXISBANK,25-07-2024 14:05,25-07-2024 14:40,1165.05,1168.25,3.2000000000000455,long,take_profit,,8303.110332,5000,21,4893.21,67.2,4960.41,26.957007
AXISBANK,26-07-2024 09:15,26-07-2024 09:20,1176,1170,-6,long,stop_loss,,8343.353325,5000,21,4939.2,-126,4813.2,27.08244
UPL,26-07-2024 09:25,26-07-2024 09:35,534.2,537.8,3.599999999999909,long,take_profit,,8190.270885,5000,46,4914.64,165.6,5080.24,27.139816
BAJFINANCE,26-07-2024 09:40,26-07-2024 10:35,6736.75,6719,-17.75,long,stop_loss,,8328.731069,5000,3,4042.05,-53.25,3988.8,22.19613
DIVISLAB,26-07-2024 10:40,26-07-2024 12:25,4696.1,4741,44.899999999999636,long,take_profit,,8253.284939,5000,5,4696.1,224.5,4920.6,25.97672
ADANIPORTS,26-07-2024 12:30,26-07-2024 12:50,1532.9,1541.45,8.549999999999955,long,take_profit,,8451.808219,5000,16,4905.28,136.8,5042.08,27.069328
ADANIPORTS,26-07-2024 12:55,26-07-2024 14:00,1543.05,1536.4,-6.65,long,stop_loss,,8561.538891,5000,16,4937.76,-106.4,4831.36,27.087456
BRITANNIA,26-07-2024 14:05,26-07-2024 14:15,5877,5867.15,-9.85,long,stop_loss,,8428.051435,5000,4,4701.6,-39.4,4662.2,25.832796
HINDALCO,26-07-2024 14:20,26-07-2024 14:50,667.9,666.35,-1.55,long,stop_loss,,8362.818639,5000,37,4942.46,-57.35,4885.11,27.145679
BPCL,26-07-2024 14:55,26-07-2024 15:25,328.5,329,0.5,long,market_close,,8278.32296,5000,76,4993.2,38,5031.2,27.48768
M&M,29-07-2024 11:00,29-07-2024 11:55,2888.8,2905.2,16.399999999999636,long,take_profit,,8288.83528,5000,8,4622.08,131.2,4753.28,25.508032
SBIN,29-07-2024 12:00,29-07-2024 13:05,887.9,879.7,-8.2,long,stop_loss,,8394.527248,5000,28,4972.24,-229.6,4742.64,27.195784
HINDUNILVR,29-07-2024 13:10,29-07-2024 14:45,2713.3,2707,-6.3,long,stop_loss,,8137.731464,5000,9,4883.94,-56.7,4827.24,26.824248
MARUTI,30-07-2024 09:15,30-07-2024 10:05,12755,12731.8,-23.2,long,stop_loss,,8054.207216,5000,1,2551,-23.2,2527.8,14.015188
TITAN,30-07-2024 10:15,30-07-2024 10:25,3448.25,3437.6,-10.65,long,stop_loss,,8016.992028,5000,7,4827.55,-74.55,4753,26.502322
TATASTEEL,30-07-2024 10:35,30-07-2024 12:45,163.82,163.23,-0.59,long,stop_loss,,7915.939706,5000,152,4980.128,-89.68,4890.448,27.3315152
ULTRACEMCO,30-07-2024 12:50,30-07-2024 14:10,11739.5,11783,43.5,long,take_profit,,7798.928191,5000,2,4695.8,87,4782.8,25.88432
BAJAJFINSV,30-07-2024 14:15,31-07-2024 09:30,1665.2,1647,-18.2,long,stop_loss,,7860.043871,5000,15,4995.6,-273,4722.6,27.29562
LT,31-07-2024 09:35,31-07-2024 09:45,3803,3789.65,-13.35,long,stop_loss,,7559.748251,5000,6,4563.6,-80.1,4483.5,25.046934
HINDALCO,31-07-2024 09:50,31-07-2024 15:25,667.9,671,3.1000000000000227,long,market_close,,7454.601317,5000,37,4942.46,114.7,5057.16,27.259232
TATACONSUM,01-08-2024 09:15,01-08-2024 09:35,1188,1197.05,9.049999999999955,long,take_profit,,7542.042085,5000,21,4989.6,190.05,5179.65,27.568233
DIVISLAB,01-08-2024 09:40,01-08-2024 09:50,4946,4973,27,long,take_profit,,7704.523852,5000,5,4946,135,5081,27.2921
POWERGRID,01-08-2024 09:55,01-08-2024 11:15,356.4,361,4.600000000000023,long,take_profit,,7812.231752,5000,70,4989.6,322,5311.6,27.65532
BAJAJ-AUTO,01-08-2024 11:20,01-08-2024 15:20,9700.15,9732.4,32.25,long,take_profit,,8106.576432,5000,2,3880.06,64.5,3944.56,21.3829
ULTRACEMCO,02-08-2024 09:15,02-08-2024 10:35,11960,11791.95,-168.05,long,stop_loss,,8149.693532,5000,2,4784,-336.1,4447.9,26.090174
TATASTEEL,02-08-2024 10:40,02-08-2024 13:20,159.12,158.05,-1.07,long,stop_loss,,7787.503358,5000,157,4996.368,-167.99,4828.378,27.3691506
BAJAJFINSV,02-08-2024 13:30,02-08-2024 14:10,1627.45,1624.8,-2.65,long,stop_loss,,7592.144208,5000,15,4882.35,-39.75,4842.6,26.82669
NTPC,02-08-2024 14:20,05-08-2024 10:05,422.3,411.65,-10.65,long,stop_loss,,7525.567518,5000,59,4983.14,-628.35,4354.79,26.992559
TATACONSUM,05-08-2024 10:10,05-08-2024 13:15,1204.4,1195.75,-8.65,long,stop_loss,,6870.224959,5000,20,4817.6,-173,4644.6,26.38262
BAJAJ-AUTO,05-08-2024 13:20,05-08-2024 15:25,9462.4,9489.8,27.399999999999636,long,market_close,,6670.842339,5000,2,3784.96,54.8,3839.76,20.853448
M&M,06-08-2024 09:20,06-08-2024 09:30,2727,2713.55,-13.45,long,stop_loss,,6704.788891,5000,9,4908.6,-121.05,4787.55,26.917407
WIPRO,06-08-2024 09:35,06-08-2024 15:05,494.3,489.75,-4.55,long,stop_loss,,6556.821484,5000,50,4943,-227.5,4715.5,27.03635
ITC,07-08-2024 09:20,07-08-2024 09:25,492.5,491.1,-1.4,long,stop_loss,,6302.285134,5000,50,4925,-70,4855,27.0413
ITC,07-08-2024 09:30,07-08-2024 09:50,493.65,491.35,-2.3,long,stop_loss,,6205.243834,5000,50,4936.5,-115,4821.5,27.07485
ONGC,07-08-2024 09:55,07-08-2024 15:25,325.8,329.2,3.3999999999999773,long,market_close,,6063.168984,5000,76,4952.16,258.4,5210.56,27.407424
HDFCLIFE,08-08-2024 09:15,08-08-2024 10:55,695.85,692.05,-3.8,long,stop_loss,,6294.16156,5000,35,4870.95,-133,4737.95,26.702445
SBIN,08-08-2024 11:05,08-08-2024 11:20,808.5,815.85,7.350000000000023,long,take_profit,,6134.459115,5000,30,4851,220.5,5071.5,26.82603
HDFCBANK,08-08-2024 11:30,08-08-2024 12:15,1641.55,1651,9.450000000000045,long,take_profit,,6328.133085,5000,15,4924.65,141.75,5066.4,27.17913
BAJAJ-AUTO,08-08-2024 12:20,08-08-2024 13:55,9735.1,9682.35,-52.75,long,stop_loss,,6442.703955,5000,2,3894.04,-105.5,3788.54,21.34759
DRREDDY,08-08-2024 14:05,08-08-2024 15:00,6990,6966.7,-23.3,long,stop_loss,,6315.856365,5000,3,4194,-69.9,4124.1,23.020866
NESTLEIND,09-08-2024 09:20,09-08-2024 09:35,2503.1,2495.2,-7.9,long,stop_loss,,6222.935499,5000,9,4505.58,-71.1,4434.48,24.733764
NTPC,09-08-2024 09:40,09-08-2024 10:05,415.8,413.85,-1.95,long,stop_loss,,6127.101735,5000,60,4989.6,-117,4872.6,27.36558
HEROMOTOCO,09-08-2024 11:05,09-08-2024 11:35,5213.2,5203.3,-9.9,long,stop_loss,,5982.736155,5000,4,4170.56,-39.6,4130.96,22.911944
HDFCBANK,09-08-2024 11:40,09-08-2024 13:20,1659.85,1655.2,-4.65,long,stop_loss,,5920.224211,5000,15,4979.55,-69.75,4909.8,27.34149
ADANIPORTS,09-08-2024 13:30,09-08-2024 14:15,1529.6,1534.5,4.900000000000091,long,take_profit,,5823.132721,5000,16,4894.72,78.4,4973.12,26.972704
LT,09-08-2024 14:20,09-08-2024 14:45,3595.2,3587.95,-7.25,long,stop_loss,,5874.560017,5000,6,4314.24,-43.5,4270.74,23.69961
TITAN,09-08-2024 15:10,09-08-2024 15:25,3328.5,3333.75,5.25,long,market_close,,5807.360407,5000,7,4659.9,36.75,4696.65,25.653705
TATAMOTORS,12-08-2024 10:20,13-08-2024 10:05,1078.1,1063.65,-14.45,long,stop_loss,,5818.456702,5000,23,4959.26,-332.35,4626.91,27.056579
HEROMOTOCO,13-08-2024 10:15,13-08-2024 11:15,5379.95,5354.25,-25.7,long,stop_loss,,5459.050123,5000,4,4303.96,-102.8,4201.16,23.603932
TITAN,13-08-2024 11:20,13-08-2024 11:30,3363,3382,19,long,take_profit,,5332.646191,5000,7,4708.2,133,4841.2,25.98288
TITAN,13-08-2024 11:35,13-08-2024 12:00,3376.3,3397.95,21.649999999999636,long,take_profit,,5439.663311,5000,7,4726.82,151.55,4878.37,26.097533
TITAN,13-08-2024 13:35,13-08-2024 14:55,3402,3386.9,-15.1,long,stop_loss,,5565.115778,5000,7,4762.8,-105.7,4657.1,26.125638
HDFCLIFE,13-08-2024 15:05,14-08-2024 09:20,684.65,678.5,-6.15,long,stop_loss,,5433.29014,5000,36,4929.48,-221.4,4708.08,26.966016
HCLTECH,14-08-2024 09:30,14-08-2024 09:45,1614.55,1608.85,-5.7,long,stop_loss,,5184.924124,5000,15,4843.65,-85.5,4758.15,26.583645
TECHM,14-08-2024 09:50,14-08-2024 13:00,1519.55,1511.5,-8.05,long,stop_loss,,5072.840479,5000,16,4862.56,-128.8,4733.76,26.659072
TCS,14-08-2024 13:05,14-08-2024 13:30,4291.7,4275.5,-16.2,long,stop_loss,,4917.381407,5000,5,4291.7,-81,4210.7,23.55089
HINDALCO,14-08-2024 14:10,14-08-2024 15:25,626.5,622.3,-4.2,long,stop_loss,,4812.830517,5000,39,4886.7,-163.8,4722.9,26.768742
WIPRO,15-08-2024 09:15,16-08-2024 11:20,495.7,509.4,13.699999999999989,long,take_profit,,4622.261775,5000,50,4957,685,5642,27.7156
ICICIBANK,16-08-2024 11:25,16-08-2024 11:30,1171.9,1177.4,5.5,long,take_profit,,5279.546175,5000,21,4921.98,115.5,5037.48,27.14712
ICICIBANK,16-08-2024 11:35,16-08-2024 12:05,1180.1,1185,4.900000000000091,long,take_profit,,5367.899055,5000,21,4956.42,102.9,5059.32,27.328224
AXISBANK,16-08-2024 12:10,16-08-2024 12:15,1162.65,1160.7,-1.95,long,stop_loss,,5443.470831,5000,21,4883.13,-40.95,4842.18,26.830188
HDFCLIFE,16-08-2024 12:20,16-08-2024 12:30,687.25,685.15,-2.1,long,stop_loss,,5375.690643,5000,36,4948.2,-75.6,4872.6,27.165204
NESTLEIND,16-08-2024 12:35,16-08-2024 14:25,2502,2516.4,14.400000000000091,long,take_profit,,5272.925439,5000,9,4503.6,129.6,4633.2,24.855336
HCLTECH,16-08-2024 14:30,16-08-2024 15:25,1668.55,1669.35,0.7999999999999545,long,market_close,,5377.670103,5000,14,4671.94,11.2,4683.14,25.703062
POWERGRID,19-08-2024 11:20,19-08-2024 11:50,342.8,341.55,-1.25,long,stop_loss,,5363.167041,5000,72,4936.32,-90,4846.32,27.09036
CIPLA,19-08-2024 11:55,19-08-2024 13:10,1583,1579.55,-3.45,long,stop_loss,,5246.076681,5000,15,4749,-51.75,4697.25,26.085345
TATAMOTORS,19-08-2024 13:15,19-08-2024 13:25,1095.9,1093.7,-2.2,long,stop_loss,,5168.241336,5000,22,4821.96,-48.4,4773.56,26.488836
GRASIM,19-08-2024 14:10,20-08-2024 09:40,2590.8,2603.9,13.099999999999909,long,take_profit,,5093.3525,5000,9,4663.44,117.9,4781.34,25.726734
SBILIFE,20-08-2024 09:45,20-08-2024 11:30,1700.9,1720.65,19.75,long,take_profit,,5185.525766,5000,14,4762.52,276.5,5039.02,26.37635
INDUSINDBK,20-08-2024 11:45,20-08-2024 12:10,1388.5,1383.95,-4.55,long,stop_loss,,5435.649416,5000,18,4998.6,-81.9,4916.7,27.438246
TECHM,20-08-2024 12:20,20-08-2024 14:10,1618.45,1631.9,13.450000000000045,long,take_profit,,5326.31117,5000,15,4855.35,201.75,5057.1,26.83758
TECHM,20-08-2024 14:15,20-08-2024 14:30,1632.45,1627.55,-4.9,long,stop_loss,,5501.22359,5000,15,4897.35,-73.5,4823.85,26.886915
SBILIFE,20-08-2024 14:45,21-08-2024 09:50,1754.55,1769.55,15,long,take_profit,,5400.836675,5000,14,4912.74,210,5122.74,27.15867
SBILIFE,21-08-2024 10:00,21-08-2024 12:35,1779.45,1795.65,16.200000000000045,long,take_profit,,5583.678005,5000,14,4982.46,226.8,5209.26,27.553218
APOLLOHOSP,21-08-2024 12:40,21-08-2024 15:00,6750,6727,-23,long,stop_loss,,5782.924787,5000,3,4050,-69,3981,22.22946
NESTLEIND,21-08-2024 15:05,21-08-2024 15:25,2550.85,2551.85,1,long,market_close,,5691.695327,5000,9,4591.53,9,4600.53,25.259355
NESTLEIND,22-08-2024 09:15,22-08-2024 09:20,2550,2560,10,long,take_profit,,5675.435972,5000,9,4590,90,4680,25.3044
HDFCBANK,22-08-2024 09:25,22-08-2024 15:25,1632,1631.6,-0.4,long,market_close,,5740.131572,5000,15,4896,-6,4890,26.92404
TATACONSUM,23-08-2024 09:15,23-08-2024 10:00,1206,1202.1,-3.9,long,stop_loss,,5707.207532,5000,20,4824,-78,4746,26.48052
BAJAJ-AUTO,23-08-2024 10:05,23-08-2024 12:25,10190.95,10308,117.04999999999927,long,take_profit,,5602.727012,5000,2,4076.38,234.1,4310.48,22.574596
BAJAJ-AUTO,23-08-2024 12:35,26-08-2024 10:20,10364.95,10437,72.04999999999927,long,take_profit,,5814.252416,5000,2,4145.98,144.1,4290.08,22.897996
ITC,26-08-2024 10:25,26-08-2024 11:35,507.3,504.95,-2.35,long,stop_loss,,5935.45442,5000,49,4971.54,-115.15,4856.39,27.267471
NTPC,26-08-2024 11:40,26-08-2024 12:00,408,410.75,2.75,long,take_profit,,5793.036949,5000,61,4977.6,167.75,5145.35,27.487515
NTPC,26-08-2024 12:05,26-08-2024 13:20,412.1,414.45,2.349999999999966,long,take_profit,,5933.299434,5000,60,4945.2,141,5086.2,27.29166
NTPC,26-08-2024 13:25,26-08-2024 14:30,414.05,413.25,-0.8,long,stop_loss,,6047.007774,5000,60,4968.6,-48,4920.6,27.29562
HINDALCO,26-08-2024 14:35,27-08-2024 09:55,712.35,710.35,-2,long,stop_loss,,5971.712154,5000,35,4986.45,-70,4916.45,27.379275
CIPLA,27-08-2024 10:00,27-08-2024 11:50,1610.6,1605.45,-5.15,long,stop_loss,,5874.332879,5000,15,4831.8,-77.25,4754.55,26.523915
SBILIFE,27-08-2024 11:55,27-08-2024 13:55,1832.2,1847,14.799999999999955,long,take_profit,,5770.558964,5000,13,4763.72,192.4,4956.12,26.327444
DRREDDY,27-08-2024 14:05,28-08-2024 09:20,6991,6948.65,-42.35,long,stop_loss,,5936.63152,5000,3,4194.6,-127.05,4067.55,22.986447
BAJFINANCE,28-08-2024 09:25,28-08-2024 10:30,6877.75,6860,-17.75,long,stop_loss,,5786.595073,5000,3,4126.65,-53.25,4073.4,22.66143
INFY,28-08-2024 10:40,28-08-2024 11:35,1928.3,1941.45,13.150000000000091,long,take_profit,,5710.683643,5000,12,4627.92,157.8,4785.72,25.557708
BAJAJ-AUTO,28-08-2024 11:40,29-08-2024 09:45,10651.55,10751,99.45000000000073,long,take_profit,,5842.925935,5000,2,4260.62,198.9,4459.52,23.564684
BAJAJFINSV,29-08-2024 09:50,29-08-2024 10:00,1745,1757.55,12.549999999999955,long,take_profit,,6018.261251,5000,14,4886,175.7,5061.7,26.988962
ITC,29-08-2024 10:05,29-08-2024 10:35,499.7,498.25,-1.45,long,stop_loss,,6166.972289,5000,50,4997,-72.5,4924.5,27.43565
HINDUNILVR,29-08-2024 11:25,29-08-2024 12:25,2785.05,2800,14.949999999999818,long,take_profit,,6067.036639,5000,8,4456.08,119.6,4575.68,24.587376
BPCL,29-08-2024 12:30,29-08-2024 12:50,351.65,353.1,1.4500000000000455,long,take_profit,,6162.049263,5000,71,4993.43,102.95,5096.38,27.531812
ADANIENT,29-08-2024 12:55,29-08-2024 13:05,3027,3005.95,-21.05,long,stop_loss,,6237.467451,5000,8,4843.2,-168.4,4674.8,26.526456
POWERGRID,29-08-2024 13:10,29-08-2024 13:20,333.8,332.9,-0.9,long,stop_loss,,6042.540995,5000,74,4940.24,-66.6,4873.64,27.127364
TITAN,29-08-2024 13:45,29-08-2024 14:50,3543.5,3516.5,-27,long,stop_loss,,5948.813631,5000,7,4960.9,-189,4771.9,27.16021
TATAMOTORS,29-08-2024 14:55,29-08-2024 15:05,1083.35,1116.65,33.30000000000018,long,take_profit,,5732.653421,5000,23,4983.41,765.9,5749.31,27.914249
TATAMOTORS,29-08-2024 15:10,29-08-2024 15:25,1121,1136.3,15.299999999999955,long,take_profit,,6470.639172,5000,22,4932.4,336.6,5269,27.350356
TATAMOTORS,30-08-2024 09:15,30-08-2024 15:25,1112.9,1114.7,1.7999999999999545,long,market_close,,6779.888816,5000,22,4896.76,39.6,4936.36,26.958316
BAJAJFINSV,02-09-2024 10:20,02-09-2024 11:05,1830.9,1854.25,23.34999999999991,long,take_profit,,6792.5305,5000,13,4760.34,303.55,5063.89,26.382213
BAJAJFINSV,02-09-2024 11:10,02-09-2024 12:40,1854.6,1845.45,-9.15,long,stop_loss,,7069.698287,5000,13,4821.96,-118.95,4703.01,26.442273
ADANIENT,02-09-2024 13:50,02-09-2024 14:20,3010.15,3027.65,17.5,long,take_profit,,6924.306014,5000,8,4816.24,140,4956.24,26.58172
ADANIENT,02-09-2024 14:25,02-09-2024 14:40,3029.4,3048.8,19.40000000000009,long,take_profit,,7037.724294,5000,8,4847.04,155.2,5002.24,26.761152
ADANIENT,02-09-2024 14:45,02-09-2024 15:30,3045.05,3039,-6.05,long,market_close,,7166.163142,5000,8,4872.08,-48.4,4823.68,26.764496
SBILIFE,03-09-2024 09:15,03-09-2024 10:10,1887.45,1898.5,11.049999999999955,long,take_profit,,7090.998646,5000,13,4907.37,143.65,5051.02,27.085344
HEROMOTOCO,03-09-2024 10:20,03-09-2024 13:20,5623.25,5658.85,35.600000000000364,long,take_profit,,7207.563302,5000,4,4498.6,142.4,4641,24.836284
GRASIM,03-09-2024 13:25,03-09-2024 15:00,2699.1,2706.4,7.300000000000182,long,take_profit,,7325.127018,5000,9,4858.38,65.7,4924.08,26.764452
ICICIBANK,03-09-2024 15:05,03-09-2024 15:15,1244.45,1250,5.5499999999999545,long,take_profit,,7364.062566,5000,20,4977.8,111,5088.8,27.45116
ICICIBANK,03-09-2024 15:20,04-09-2024 10:05,1248.8,1238.2,-10.6,long,stop_loss,,7447.611406,5000,20,4995.2,-212,4783.2,27.33368
GRASIM,04-09-2024 10:10,04-09-2024 11:45,2737.35,2725,-12.35,long,stop_loss,,7208.277726,5000,9,4927.23,-111.15,4816.08,27.026406
DIVISLAB,04-09-2024 12:00,04-09-2024 12:45,5083,5076.6,-6.4,long,stop_loss,,7070.10132,5000,4,4066.4,-25.6,4040.8,22.348304
APOLLOHOSP,04-09-2024 12:50,04-09-2024 13:50,6871.8,6915,43.19999999999982,long,take_profit,,7022.153016,5000,3,4123.08,129.6,4252.68,22.762476
APOLLOHOSP,04-09-2024 13:55,04-09-2024 15:20,6915,6934.95,19.949999999999818,long,take_profit,,7128.99054,5000,3,4149,59.85,4208.85,22.859001
HINDUNILVR,05-09-2024 09:15,05-09-2024 09:20,2841.55,2831.5,-10.05,long,stop_loss,,7165.981539,5000,8,4546.48,-80.4,4466.08,24.952576
MARUTI,05-09-2024 09:25,05-09-2024 09:50,12325,12277,-48,long,stop_loss,,7060.628963,5000,2,4930,-96,4834,27.05164
TITAN,05-09-2024 09:55,05-09-2024 11:15,3637.2,3720.8,83.60000000000036,long,take_profit,,6937.577323,5000,6,4364.64,501.6,4866.24,24.336576
HEROMOTOCO,05-09-2024 11:20,05-09-2024 12:30,5712.9,5747,34.100000000000364,long,take_profit,,7414.840747,5000,4,4570.32,136.4,4706.72,25.226784
HEROMOTOCO,05-09-2024 12:40,05-09-2024 13:20,5741.15,5768.2,27.050000000000182,long,take_profit,,7526.013963,5000,4,4592.92,108.2,4701.12,25.332472
ADANIENT,05-09-2024 14:00,05-09-2024 15:10,3034.05,3016.55,-17.5,long,stop_loss,,7608.881491,5000,8,4854.48,-140,4714.48,26.60724
HCLTECH,05-09-2024 15:15,05-09-2024 15:25,1788.55,1794.7,6.150000000000091,long,market_close,,7442.274251,5000,13,4650.23,79.95,4730.18,25.629032
INFY,06-09-2024 09:15,06-09-2024 10:55,1933,1909.8,-23.2,long,stop_loss,,7496.595219,5000,12,4639.2,-278.4,4360.8,25.331856
BRITANNIA,06-09-2024 11:00,06-09-2024 15:10,5864.4,5845.55,-18.85,long,stop_loss,,7192.863363,5000,4,4691.52,-75.4,4616.12,25.753596
LT,06-09-2024 15:15,06-09-2024 15:25,3579.55,3572.1,-7.45,long,market_close,,7091.709767,5000,6,4295.46,-44.7,4250.76,23.595528
SBILIFE,09-09-2024 10:05,09-09-2024 10:10,1922.3,1911.25,-11.05,long,stop_loss,,7023.414239,5000,13,4997.98,-143.65,4854.33,27.394081
TITAN,09-09-2024 10:15,09-09-2024 14:50,3692.5,3673.65,-18.85,long,stop_loss,,6852.370158,5000,6,4431,-113.1,4317.9,24.295854
AXISBANK,09-09-2024 14:55,09-09-2024 15:15,1173.5,1169.85,-3.65,long,stop_loss,,6714.974304,5000,21,4928.7,-76.65,4852.05,27.057261
COALINDIA,09-09-2024 15:20,09-09-2024 15:25,485.5,485.05,-0.45,long,market_close,,6611.267043,5000,51,4952.1,-22.95,4929.15,27.221403
COALINDIA,10-09-2024 09:15,10-09-2024 09:25,485.5,488.1,2.6000000000000227,long,take_profit,,6561.09564,5000,51,4952.1,132.6,5084.7,27.324066
COALINDIA,10-09-2024 09:30,10-09-2024 09:40,488.3,486.85,-1.45,long,stop_loss,,6666.371574,5000,51,4980.66,-73.95,4906.71,27.344823
COALINDIA,10-09-2024 09:45,10-09-2024 10:35,486.6,484.7,-1.9,long,stop_loss,,6565.076751,5000,51,4963.32,-96.9,4866.42,27.234306
ICICIBANK,10-09-2024 10:40,10-09-2024 10:50,1234,1229.55,-4.45,long,stop_loss,,6440.942445,5000,20,4936,-89,4847,27.08926
COALINDIA,10-09-2024 10:55,10-09-2024 14:00,485.35,488.05,2.6999999999999886,long,take_profit,,6324.853185,5000,51,4950.57,137.7,5088.27,27.319017
BRITANNIA,10-09-2024 14:05,11-09-2024 09:40,5989,5966.05,-22.95,long,stop_loss,,6435.234168,5000,4,4791.2,-91.8,4699.4,26.291012
BAJAJ-AUTO,11-09-2024 09:45,11-09-2024 10:50,11284,11400,116,long,take_profit,,6317.143156,5000,2,4513.6,232,4745.6,24.97792
TECHM,11-09-2024 10:55,11-09-2024 11:35,1611.3,1620.05,8.75,long,take_profit,,6524.165236,5000,15,4833.9,131.25,4965.15,26.673075
DIVISLAB,11-09-2024 11:45,11-09-2024 15:30,5447.4,5445,-2.4,long,market_close,,6628.742161,5000,4,4357.92,-9.6,4348.32,23.962224
TATASTEEL,12-09-2024 09:20,12-09-2024 09:25,152.07,151.31,-0.76,long,stop_loss,,6595.179937,5000,164,4987.896,-124.64,4863.256,27.3511656
BRITANNIA,12-09-2024 09:30,12-09-2024 09:55,6058.65,6040.85,-17.8,long,stop_loss,,6443.188771,5000,4,4846.92,-71.2,4775.72,26.611068
BAJAJ-AUTO,12-09-2024 10:00,12-09-2024 10:25,11571.85,11719.1,147.25,long,take_profit,,6345.377703,5000,2,4628.74,294.5,4923.24,25.65244
BAJAJ-AUTO,12-09-2024 10:40,12-09-2024 12:20,11740.1,11665,-75.1,long,stop_loss,,6614.225263,5000,2,4696.04,-150.2,4545.84,25.729088
M&M,12-09-2024 12:40,12-09-2024 13:10,2700.95,2695.05,-5.9,long,stop_loss,,6438.296175,5000,9,4861.71,-53.1,4808.61,26.704359
M&M,12-09-2024 13:15,12-09-2024 14:05,2695,2715,20,long,take_profit,,6358.491816,5000,9,4851,180,5031,26.7993
HINDALCO,12-09-2024 14:10,12-09-2024 14:50,669.3,675.35,6.050000000000068,long,take_profit,,6511.692516,5000,37,4952.82,223.85,5176.67,27.388251
GRASIM,12-09-2024 14:55,12-09-2024 15:25,2751.15,2756.15,5,long,market_close,,6708.154265,5000,9,4952.07,45,4997.07,27.266085
GRASIM,13-09-2024 09:15,13-09-2024 10:35,2760.1,2780,19.90000000000009,long,take_profit,,6725.88818,5000,9,4968.18,179.1,5147.28,27.443196
HCLTECH,13-09-2024 10:40,13-09-2024 12:05,1805.75,1814.2,8.450000000000045,long,take_profit,,6877.544984,5000,13,4694.95,109.85,4804.8,25.894726
TITAN,13-09-2024 12:15,13-09-2024 12:50,3785.85,3776.6,-9.25,long,stop_loss,,6961.500258,5000,6,4543.02,-55.5,4487.52,24.94998
INDUSINDBK,13-09-2024 12:55,13-09-2024 14:20,1468.3,1465.5,-2.8,long,stop_loss,,6881.050278,5000,17,4992.22,-47.6,4944.62,27.425794
CIPLA,13-09-2024 14:25,13-09-2024 14:40,1659.05,1666.25,7.2000000000000455,long,take_profit,,6806.024484,5000,15,4977.15,108,5085.15,27.445605
